{
  "overall_chi2": {
    "chi2": 430.62237558724485,
    "p": 1.1896748376189735e-95,
    "cramers_v": 0.506283361973762
  },
  "chi2_benign": {
    "chi2": 11.88679245283019,
    "p": 0.0005653339379509726,
    "odds_ratio": 0.27205882352941174
  },
  "chi2_direct": {
    "chi2": 248.6423593827775,
    "p": 5.133584779520748e-56,
    "odds_ratio": 0.005927616803505026
  },
  "chi2_indirect": {
    "chi2": 121.24571428571429,
    "p": 3.376164577407064e-28,
    "odds_ratio": 0.06113646622197703
  },
  "chi2_adversarial": {
    "chi2": 126.29900332225913,
    "p": 2.644763963441427e-29,
    "odds_ratio": 0.11463187325256291
  },
  "chi2_gpt-4.1": {
    "chi2": 297.6632411067194,
    "p": 1.0638464826608431e-66,
    "odds_ratio": 0.05532891381947986
  },
  "chi2_gpt-4o-mini": {
    "chi2": 145.00679293534725,
    "p": 2.140305900523124e-33,
    "odds_ratio": 0.12903225806451613
  },
  "mannwhitney_leakage": {
    "U": 162287.5,
    "p": 1.0,
    "r_rb": 0.5400014172335601
  },
  "mcnemar": {
    "only_conceal": 3,
    "only_neutral": 412,
    "p": 2.8157071229631367e-118
  }
}