{
  "neutral_asr_original": 0.6023809523809524,
  "concealment_asr_original": 0.11547619047619048,
  "neutral_asr_strict": 0.5880952380952381,
  "concealment_asr_strict": 0.02261904761904762
}